title,summary,huati_zhuchiren,read_numbers,task_numbers,desc_url
#践行嘱托十年间#,,人民日报,18983000.0,今日讨论1658,https://m.s.weibo.com/vtopic/detail?click_from=searchpc&q=%23%E8%B7%B5%E8%A1%8C%E5%98%B1%E6%89%98%E5%8D%81%E5%B9%B4%E9%97%B4%23
#上外男生所投系牛磺酸泡腾片#,导语：针对上海外国语大学一女生饮料中被他人投放不明物一事，警方通报。,人民日报,860000000.0,255000.0,https://m.s.weibo.com/vtopic/detail?click_from=searchpc&q=%23%E4%B8%8A%E5%A4%96%E7%94%B7%E7%94%9F%E6%89%80%E6%8A%95%E7%B3%BB%E7%89%9B%E7%A3%BA%E9%85%B8%E6%B3%A1%E8%85%BE%E7%89%87%23
#唐山举报电话更新#,导语：之前的0315-12389不再用于受理“雷霆风暴”专项行动举报。​,人民日报,180000000.0,22000.0,https://m.s.weibo.com/vtopic/detail?click_from=searchpc&q=%23%E5%94%90%E5%B1%B1%E4%B8%BE%E6%8A%A5%E7%94%B5%E8%AF%9D%E6%9B%B4%E6%96%B0%23
#北斗也参与了小麦收割#,导语：大型的联合收割机每天能收割100多亩小麦。联合收割机里还装有北斗定位仪，能精准测量麦地，做到颗粒归仓。,央视新闻,37846000.0,今日讨论1268,https://m.s.weibo.com/vtopic/detail?click_from=searchpc&q=%23%E5%8C%97%E6%96%97%E4%B9%9F%E5%8F%82%E4%B8%8E%E4%BA%86%E5%B0%8F%E9%BA%A6%E6%94%B6%E5%89%B2%23
#慧慧怎么办#,,,21417000.0,16000.0,https://m.s.weibo.com/vtopic/detail?click_from=searchpc&q=%23%E6%85%A7%E6%85%A7%E6%80%8E%E4%B9%88%E5%8A%9E%23
#罗永浩债务还剩不到1亿#,导语：罗永浩在对话晚点LatePost时表示，已发生的直接债务还剩不到一个亿。,电商报,0,今日讨论2329,https://m.s.weibo.com/vtopic/detail?click_from=searchpc&q=%23%E7%BD%97%E6%B0%B8%E6%B5%A9%E5%80%BA%E5%8A%A1%E8%BF%98%E5%89%A9%E4%B8%8D%E5%88%B01%E4%BA%BF%23
,皓衣行官微《皓衣行》官方微博粉丝：26.5万关注热门c帮上头条投诉收藏复制微博地址一只磕磕兔今天16:06 来自表参道HarmonyOS设备前几天搜皓衣行是错误的信息，这是修改成正确的了啊😭所以还是动了一下😭有姐妹提醒，豆瓣好像也更新了，更新了一大串演员​7504514833热门c帮上头条投诉收藏复制微博地址爱豆新闻10分钟前 来自微博视频号所以#皓衣行#是要定档了对吗！可别再溜我们了呀！孩子都要溜傻了不想再靠路透过日子了，就这个暑假行不行！给咱们一个准信呗！L爱豆新闻的微博视频​590106951更多a热门c帮上头条投诉收藏复制微博地址知名美少女观众20分钟前 来自微博视频号#皓衣行#不会吧不会吧，究竟是真的要来？还是一如既往的狼来了？不管是不是真的，还是在线等一个官宣，因为真的很期待这部剧。原著小说真的超级经典，期待罗云熙和陈飞宇的演绎。L知名美少女观众的微博视频​5961051135c帮上头条投诉收藏复制微博地址echo最喜欢夏天啦8秒前 来自iPhone客户端#皓衣行#呵呵，溜得开心不？已不抱任何期待，溜怕了。我的师尊，我的二狗子​转发评论赞c帮上头条投诉收藏复制微博地址KKiko190011秒前 来自iPhone客户端#皓衣行#速速播！！！​转发评论赞c帮上头条投诉收藏复制微博地址qwert192319秒前 来自RedmiK305G先锋#皓衣行#能不能让我看到、别溜了​转发评论赞c帮上头条投诉收藏复制微博地址魔法师深深20秒前 来自Android#皓衣行#我只关心周深的那首OST好听嘛？可以先让我听一下嘛？（做梦中）​转发评论赞c帮上头条投诉收藏复制微博地址黑色格子衫搭牛仔裤27秒前 来自微博极速版#皓衣行#好，明天空降算我求求了​转发评论赞c帮上头条投诉收藏复制微博地址Atropos時鵼28秒前 来自小米Note3拍人更美#皓衣行#不能播就别溜了好吗​转发评论赞c帮上头条投诉收藏复制微博地址金刚芭比裘永思天字第二号梦女29秒前 来自iPhone客户端#皓衣行#睡吧，别蹦跶了，每次都深夜上热搜，不知道的以为我们拍的是盗墓片。​转发评论赞c帮上头条投诉收藏复制微博地址东施爱鸟29秒前 来自HUAWEIMate40#皓衣行#阿瑟，我愿称之为耽改界汪峰，一有要播的风声，势必出点问题稍稍期待一下吧​转发评论赞c帮上头条投诉收藏复制微博地址二加一134秒前 来自HUAWEIP405G#皓衣行#还是你狠心！！！你赢了！！！这世上只有你敢让我2+1等几千个日夜！！！​转发评论赞c帮上头条投诉收藏复制微博地址Echoam060043秒前 来自iPhone客户端#皓衣行#又又又上热搜了，我还以为定档了呢我有生之年还能看到楚晚宁吗​转发评论赞c帮上头条投诉收藏复制微博地址想吃菜菜了48秒前 来自iPhone13ProMax#皓衣行#如果你再不撤热搜就空降给我看吧我的接受程度已经无下限了播吧​转发评论1c帮上头条投诉收藏复制微博地址狗狗能有什么坏心思鸭48秒前 来自iPhone客户端#皓衣行#月经贴。。。。。。。。。。。。​转发评论5c帮上头条投诉收藏复制微博地址想摘星星的布丁51秒前 来自荣耀20PRO#皓衣行#到底播不播给句准话行不行！！！​转发评论赞c帮上头条投诉收藏复制微博地址香草诠释届54秒前 来自iPhone客户端想到一个弯道超车的路子，是这样的，我有预感皓衣行就快播了，假如我从现在开始预热，等到剧播我就是大粉，到时候退学撒手一条龙，专心做脂粉，我就是下一个清单和什么帅桃，谁还管你个几把学校期末考什么​转发评论赞c帮上头条投诉收藏复制微博地址云来清野56秒前 来自OPPOA935G#皓衣行#死去的皓衣行又在攻击我​转发评论1c帮上头条投诉收藏复制微博地址爱吃炸鸡翅987657秒前 来自HUAWEIP40Pro5G#皓衣行#更改演员表信息不是件好事，这只能说明剧情可能被剪的大改了，最起码磕cp的机会不太可能，说不定加了女一，女二，女三🙈​转发评论赞c帮上头条投诉收藏复制微博地址Assssjk57秒前 来自iPhone客户端#皓衣行#快点播吧太无聊了想看热闹​转发评论赞c帮上头条投诉收藏复制微博地址Jhooone57秒前 来自RedmiK40#皓衣行#你怎么又上热搜了😡又不播又不定档上什么热搜🙉​转发评论赞c帮上头条投诉收藏复制微博地址碎月小柠檬58秒前 来自普通观众Android#皓衣行#这是要干嘛真的要来了吗要上赶紧上别只打雷不下雨烦了​转发评论赞c帮上头条投诉收藏复制微博地址你像湖水卷进我肺里1分钟前 来自iPhone客户端#皓衣行#不知道溜了多少次典型的狼来了除非它真的定档了​转发评论赞,,[],[],[]
#多款牛磺酸泡腾片显示下架#,导语：12日晚间，东方网•纵相新闻记者在多家电商平台上搜索过“牛磺酸”，均能搜索到相关商品。但当记者今天再次在电商平台打开此类相关“收藏”商品时，不少显示“已下架”或“商品过期不存在”。,东方网,229999999.99999997,18000.0,https://m.s.weibo.com/vtopic/detail?click_from=searchpc&q=%23%E5%A4%9A%E6%AC%BE%E7%89%9B%E7%A3%BA%E9%85%B8%E6%B3%A1%E8%85%BE%E7%89%87%E6%98%BE%E7%A4%BA%E4%B8%8B%E6%9E%B6%23
#唐山称打人事件给这座英雄的城市抹了黑#,导语：唐山：近日，我市发生的烧烤店寻衅滋事、暴力殴打他人案件，性质极其恶劣，给这座英雄的城市抹了黑。,侠客岛,1060000000.0,235000.0,https://m.s.weibo.com/vtopic/detail?click_from=searchpc&q=%23%E5%94%90%E5%B1%B1%E7%A7%B0%E6%89%93%E4%BA%BA%E4%BA%8B%E4%BB%B6%E7%BB%99%E8%BF%99%E5%BA%A7%E8%8B%B1%E9%9B%84%E7%9A%84%E5%9F%8E%E5%B8%82%E6%8A%B9%E4%BA%86%E9%BB%91%23
#警察荣誉曹建军牺牲#,导语：《警察荣誉》曹建军为李大为挡了终极boss岳威的枪，壮烈牺牲……,剧星放大镜,110000000.00000001,45000.0,https://m.s.weibo.com/vtopic/detail?click_from=searchpc&q=%23%E8%AD%A6%E5%AF%9F%E8%8D%A3%E8%AA%89%E6%9B%B9%E5%BB%BA%E5%86%9B%E7%89%BA%E7%89%B2%23
#日本网暴者最长可被判1年监禁#,导语：日本国会参议院13日通过法案，加大对实施网络暴力者处罚力度，除罚款外还可判处监禁。据共同社报道，日本参议院当天通过《刑法典》修正案，规定可对网暴者处以最长1年监禁、最多30万日元（约合1.5万元人民币）罚款处罚。新法案将于公布后20天生效。,观察者网,0,今日讨论1605,https://m.s.weibo.com/vtopic/detail?click_from=searchpc&q=%23%E6%97%A5%E6%9C%AC%E7%BD%91%E6%9A%B4%E8%80%85%E6%9C%80%E9%95%BF%E5%8F%AF%E8%A2%AB%E5%88%A41%E5%B9%B4%E7%9B%91%E7%A6%81%23
#腾讯下架QQ影音所有版本#,导语：腾讯QQ影音官方网站显示，该软件的PC、Mac、安卓、iOS版本均已不可下载，为“敬请期待”状态。据网友反馈，运行QQ影音PC版可能会出现运行错误。,新浪科技,53512000.0,今日讨论934,https://m.s.weibo.com/vtopic/detail?click_from=searchpc&q=%23%E8%85%BE%E8%AE%AF%E4%B8%8B%E6%9E%B6QQ%E5%BD%B1%E9%9F%B3%E6%89%80%E6%9C%89%E7%89%88%E6%9C%AC%23
#瑜伽馆老板实名举报遭同行5人打进ICU#,导语：6月13日，陕西西安。一家瑜伽馆老板古海峰发布视频，实名举报称遭同行5人围殴，术后住院2个多月。,搜狐千里眼,120000000.0,63000.0,https://m.s.weibo.com/vtopic/detail?click_from=searchpc&q=%23%E7%91%9C%E4%BC%BD%E9%A6%86%E8%80%81%E6%9D%BF%E5%AE%9E%E5%90%8D%E4%B8%BE%E6%8A%A5%E9%81%AD%E5%90%8C%E8%A1%8C5%E4%BA%BA%E6%89%93%E8%BF%9BICU%23
#爷爷独坐7小时等待孙女买的礼物#,导语：近日，河南信阳，一位爷爷在街上独坐7个小时等待孙女给他买的快递，说里面有西瓜和粽子。,人民网,11886000.0,今日讨论969,https://m.s.weibo.com/vtopic/detail?click_from=searchpc&q=%23%E7%88%B7%E7%88%B7%E7%8B%AC%E5%9D%907%E5%B0%8F%E6%97%B6%E7%AD%89%E5%BE%85%E5%AD%99%E5%A5%B3%E4%B9%B0%E7%9A%84%E7%A4%BC%E7%89%A9%23
#刘亦菲拽姐语录#,导语：由刘亦菲、陈晓主演的古装剧《梦华录》正在热播，在我们的采访中，刘亦菲“语录”令人印象深刻：“大家不用用温柔和美丽来‘绑架’我”、“我其实比很多男演员还能吃苦”、“我一直都不是娇气的人”、“疼死我也要拍”······一起看看她说过哪些话吧！,中国电影报道,28902000.0,12000.0,https://m.s.weibo.com/vtopic/detail?click_from=searchpc&q=%23%E5%88%98%E4%BA%A6%E8%8F%B2%E6%8B%BD%E5%A7%90%E8%AF%AD%E5%BD%95%23
#学生因食堂占座将汤面泼向他人脸部#,导语：6月10日，广西玉林，玉林师范学院一学生在食堂往另一学生脸上泼面，引发关注。13日，该校通报称，曾某因食堂占座与学生韦某发生争执，引发泼面事件。经核实，情况属实。已决定对曾某给予记过处分，并责令其向韦某赔礼道歉。目前学生韦某身体无大碍。,沸点视频,0,今日讨论7834,https://m.s.weibo.com/vtopic/detail?click_from=searchpc&q=%23%E5%AD%A6%E7%94%9F%E5%9B%A0%E9%A3%9F%E5%A0%82%E5%8D%A0%E5%BA%A7%E5%B0%86%E6%B1%A4%E9%9D%A2%E6%B3%BC%E5%90%91%E4%BB%96%E4%BA%BA%E8%84%B8%E9%83%A8%23
#校车司机数次猥亵多名女童被判6年#,导语：近日，安徽安庆。何某某涉嫌猥亵儿童罪一案宣判，一审判处被告人何某某有期徒刑6年。,白鹿视频,130000000.0,13000.0,https://m.s.weibo.com/vtopic/detail?click_from=searchpc&q=%23%E6%A0%A1%E8%BD%A6%E5%8F%B8%E6%9C%BA%E6%95%B0%E6%AC%A1%E7%8C%A5%E4%BA%B5%E5%A4%9A%E5%90%8D%E5%A5%B3%E7%AB%A5%E8%A2%AB%E5%88%A46%E5%B9%B4%23
#中国boy道歉#,导语：Up主中国boy因视频言论引发热议，发布手写信道歉！,影剧指南,0,34000.0,https://m.s.weibo.com/vtopic/detail?click_from=searchpc&q=%23%E4%B8%AD%E5%9B%BDboy%E9%81%93%E6%AD%89%23
,热门c帮上头条投诉收藏复制微博地址张雯17分钟前 来自iPhone客户端“护夫、隐忍、坚强，一路相守，一生无悔……”今天我们的电视剧《警察荣誉》收官。八里河充满市井烟火气的故事就发生在我们身边。有太多的“平凡”在不经意间会被忽略，感谢那些默默守护我们的人。愿每位奋斗在一线的英雄们平安归家，家庭幸福美满！八里河的故事还在继续不说再见​展开c“护夫、隐忍、坚强，一路相守，一生无悔……”今天我们的电视剧《警察荣誉》收官。八里河充满市井烟火气的故事就发生在我们身边。有太多的“平凡”在不经意间会被忽略，感谢那些默默守护我们的人。愿每位奋斗在一线的英雄们平安归家，家庭幸福美满！八里河的故事还在继续不说再见#警察荣誉哭麻了#收起d23149813更多a热门c帮上头条投诉收藏复制微博地址戏骨今天22:07 来自微博视频号#警察荣誉哭麻了#《警.察.荣誉》建军！！！！你为什么不听话！！建军一辈子都想当警.察，没想到中途犯了错，当了保安总觉得不当警察少了点什么，这样去世对他来说也是一种解脱吧L戏骨的微博视频​166511533909畅轻0添加酸奶简的刚好就是畅轻购买推荐c帮上头条投诉收藏复制微博地址畅轻关注06月06日12:24 来自微博视频号#警察荣誉#八里河的精彩故事正在上演，每一个来到八里河的人都很难不被这里的温暖所触动。每晚20点，喝美味0添加的畅轻，来爱奇艺感受八里河社区的温暖故事吧~L畅轻的微博视频​4895649985更多a热门c帮上头条投诉收藏复制微博地址麻花娱乐今天22:17 来自微博视频号#警察荣誉哭麻了#八里河汪汪队四子终于转正了，5555真的好感动，大家一路走来真的都好不容易啊!真的经历了好多，听到那声“到”真的心酸又骄傲L麻花娱乐的微博视频​16048701417c帮上头条投诉收藏复制微博地址可可和可乐c7秒前 来自vivoX274800万三摄#警察荣誉哭麻了#全员演技在线几句台词的群演都在线的剧怎么会不好看​转发评论赞c帮上头条投诉收藏复制微博地址67努力努力再努力12秒前 来自OPPOReno5Pro5G曹建军你为什么不听话，你糊涂呀！曹建军！你为什么不听所长的话呀！好难过呀，你走了周慧丫丫怎么办呀！！大结局我直接人麻了！今晚的眼泪为曹建军而流！虽然曹建军他有很多缺点可是最后牺牲还是好舍不得啊明明是一个很优秀的警察建军啊，你糊涂啊！！！！！大为成了第二个​展开c曹建军你为什么不听话，你糊涂呀！曹建军！你为什么不听所长的话呀！好难过呀，你走了周慧丫丫怎么办呀！！大结局我直接人麻了！今晚的眼泪为曹建军而流！虽然曹建军他有很多缺点可是最后牺牲还是好舍不得啊明明是一个很优秀的警察建军啊，你糊涂啊！！！！！大为成了第二个程所，丫丫成了第二个夏洁怎么会这样啊#警察荣誉哭麻了##警察荣誉曹建军牺牲##电视剧推荐#收起d转发评论赞c帮上头条投诉收藏复制微博地址今年会遇到心软的填坑作者吗15秒前 来自HarmonyOS设备#警察荣誉哭麻了#哭麻了38集算是从头哭到尾，菜蛋我哭的比高所还惨​转发评论1c帮上头条投诉收藏复制微博地址林籁泉韵crys26秒前 来自HUAWEIP50Pro#警察荣誉哭麻了#他真的我哭死想到最近的事，更想哭了​转发评论赞c帮上头条投诉收藏复制微博地址好运大头熊30秒前 来自HUAWEIMatePadPro#警察荣誉##警察荣誉哭麻了#咱就说全员演技在线的剧我真的舍不得上一次还是上一次，最近就一边追着《警察荣誉》一边重温一些经典旧剧。爱了爱了，今晚真的哭麻了，鼻涕眼泪一把一把的​转发评论赞c帮上头条投诉收藏复制微博地址睁不开眼睛的冰美四38秒前 来自iPhone客户端#警察荣誉##警察荣誉哭麻了#救命曹建军你真的慧慧咋办啊最后一集顶不住了好爱李大为好爱所长​转发评论2c帮上头条投诉收藏复制微博地址木木三1L44秒前 来自nova7你在焦点在#警察荣誉哭麻了#大结局了，但是他们的平行时空的警察生活还在继续，还在保护着那个世界的人民，好喜欢他们办案的那种氛围，和警察之间的互帮互助，关于曹哥，虽然有的错误改正了也回不去了，但还可以坚持自己的想走的那条道路，无非换了一条方式。谢谢所有工作人员的努力，才让我看到了这么好的一部​展开c#警察荣誉哭麻了#大结局了，但是他们的平行时空的警察生活还在继续，还在保护着那个世界的人民，好喜欢他们办案的那种氛围，和警察之间的互帮互助，关于曹哥，虽然有的错误改正了也回不去了，但还可以坚持自己的想走的那条道路，无非换了一条方式。谢谢所有工作人员的努力，才让我看到了这么好的一部作品。收起d转发评论1c帮上头条投诉收藏复制微博地址i7wen-56秒前#警察荣誉哭麻了#好好看啊这剧是我最近看的最好看的良心剧了但是大结局好难过编剧你为什么要把曹建军写死​转发评论1c帮上头条投诉收藏复制微博地址D叫什么不吃饭Y1分钟前 来自超想回家HarmonyOS设备#警察荣誉哭麻了#刚开始看我以为是个喜剧看到最后哭麻了八里河一家人是最好的汪汪队是最棒的​转发评论赞c帮上头条投诉收藏复制微博地址叱咤小飞鱼1分钟前 来自HUAWEIMate305G#警察荣誉##警察荣誉哭麻了#是我了呜呜呜​转发评论1c帮上头条投诉收藏复制微博地址敏儿的7221分钟前#警察荣誉哭麻了#l#张若昀李大为#大结局镜头跳出来的时候破防了，有种李大为离我而去的感觉，我还想看多多的李大为，怎么那么快结束，还有好多镜头没看过，导演请把所有的李大为放出来​转发评论赞c帮上头条投诉收藏复制微博地址根花不是花1分钟前 来自nova7SE5G你在焦点在#警察荣誉哭麻了#以后这种剧多来点好嘛我纸管够​转发评论1c帮上头条投诉收藏复制微博地址半罐可乐1分钟前 来自OPPOReno5Pro+5G#警察荣誉哭麻了#偏个题后面那个男生是谁呀​转发评论赞c帮上头条投诉收藏复制微博地址bulingbuling_T1分钟前 来自iPhone11Pro#警察荣誉哭麻了#55555哭晕古七​转发评论赞c帮上头条投诉收藏复制微博地址苏桉桉kiki1分钟前 来自iPhone客户端#警察荣誉哭麻了#真的哭麻了好好看这部剧​转发评论赞c帮上头条投诉收藏复制微博地址我是一位可爱的吃瓜群众1分钟前 来自vivoY31s标准版#警察荣誉哭麻了#呜呜呜，警察荣誉啊，明天没有你的更新，我可怎么活呀！！！！​转发评论赞c帮上头条投诉收藏复制微博地址叫你猖狂2分钟前 来自啵赞的iPhone13#警察荣誉哭麻了#只看了个曹建军牺牲的片段就哭的不行​转发评论赞c帮上头条投诉收藏复制微博地址戚豆子2分钟前 来自三星android智能手机强烈推荐#警察荣誉#最后一集哭麻了呀，这才是真实的派出所的故事，大多都是一些鸡毛蒜皮，家长里短的事情。要不是知道王景春是演员，我以为他就是所长客串呢，不愧是影帝呀。​转发评论2c帮上头条投诉收藏复制微博地址北方人愿天气有北极作息2分钟前 来自许哥最帅iPhone客户端#警察荣誉哭麻了#刚开始还不理解为什么曹建军那么招人恨戏份还那么多，后来就理解了，可能曹建军身上人性的展示才是最贴近普通人的吧。可恨之人必有可怜之处，，，警察荣誉以小见大这点做的特别好​转发评论1,,[],[],[]
#油价上涨燃油车还有必要买吗#,导语：今年的第11轮油价调整日在6月14日24时进行，预计下一轮油价上调幅度为0.23-0.26元/升。面对今年油价频繁上升的情况，你认为燃油车还有未来吗？还有必要买吗？,铁骥视频,44659000.0,今日讨论1260,https://m.s.weibo.com/vtopic/detail?click_from=searchpc&q=%23%E6%B2%B9%E4%BB%B7%E4%B8%8A%E6%B6%A8%E7%87%83%E6%B2%B9%E8%BD%A6%E8%BF%98%E6%9C%89%E5%BF%85%E8%A6%81%E4%B9%B0%E5%90%97%23
#怀孕后有个好队友有多重要#,导语：怀孕后有个好队友有多重要？他承包了所有家务，给我做饭、洗头、按摩……陪着焦虑的我三连两头跑医院。他让我知道原来怀孕是一件非常幸福的事，生娃带娃也是两个人的事。,ACui阿崔,120000000.0,11000.0,https://m.s.weibo.com/vtopic/detail?click_from=searchpc&q=%23%E6%80%80%E5%AD%95%E5%90%8E%E6%9C%89%E4%B8%AA%E5%A5%BD%E9%98%9F%E5%8F%8B%E6%9C%89%E5%A4%9A%E9%87%8D%E8%A6%81%23
#你能接受另一半查岗吗#,导语：《妻子的选择》中，方糖发现丈夫高家为种种反常行为，于是带着从他后备箱找到的包包到他的公司，把高家为吓得够呛。现实生活中，你能接受另一半查岗吗？,ZAKER娱乐,0,25000.0,https://m.s.weibo.com/vtopic/detail?click_from=searchpc&q=%23%E4%BD%A0%E8%83%BD%E6%8E%A5%E5%8F%97%E5%8F%A6%E4%B8%80%E5%8D%8A%E6%9F%A5%E5%B2%97%E5%90%97%23
#玉林师范学院通报学生将热面泼同学脸上#,导语：6月10日，网曝玉林师范学院，一名女生食堂吃饭时没注意坐到别人占的位置，占座女生发现座位被占后辱骂对方，还将一碗热面泼到对方脸上。,时间视频,61248000.0,今日讨论2358,https://m.s.weibo.com/vtopic/detail?click_from=searchpc&q=%23%E7%8E%89%E6%9E%97%E5%B8%88%E8%8C%83%E5%AD%A6%E9%99%A2%E9%80%9A%E6%8A%A5%E5%AD%A6%E7%94%9F%E5%B0%86%E7%83%AD%E9%9D%A2%E6%B3%BC%E5%90%8C%E5%AD%A6%E8%84%B8%E4%B8%8A%23
#小说死亡万花筒影视化#,导语：网传《死亡万花筒》即将影视化，不知道阵容会是谁呢？你们期待吗？,会火新剧,0,54000.0,https://m.s.weibo.com/vtopic/detail?click_from=searchpc&q=%23%E5%B0%8F%E8%AF%B4%E6%AD%BB%E4%BA%A1%E4%B8%87%E8%8A%B1%E7%AD%92%E5%BD%B1%E8%A7%86%E5%8C%96%23
,微博美股微博美股官方账号粉丝：113.7万关注热门c帮上头条投诉收藏复制微博地址宋鸿兵今天17:16 来自微博视频号#v光计划##美股大跌##美国5月cpi#【美国5月CPI刷新40年最高纪录，通胀见顶希望再次破灭！】美国5月CPI的各项指标全线抬头，均超市场预期，继续刷新40年来的最高纪录，通胀见顶的希望再次破灭。消息传出，美国股市遭遇剧烈抛售，道指大跌880点，跌幅2.7%，标普500下跌2.9%，纳指重挫3.5%。《华尔街日​展开c#v光计划##美股大跌##美国5月cpi#【美国5月CPI刷新40年最高纪录，通胀见顶希望再次破灭！】美国5月CPI的各项指标全线抬头，均超市场预期，继续刷新40年来的最高纪录，通胀见顶的希望再次破灭。消息传出，美国股市遭遇剧烈抛售，道指大跌880点，跌幅2.7%，标普500下跌2.9%，纳指重挫3.5%。《华尔街日报》惊呼，现在美国的通胀压力几乎无处不在，CPI有可能在下个月逼近9%，并在今年秋季继续保持高位运行。其实，通胀爆发并非美国一国的现象，而是一个已经冲击上百个国家的世界性问题。在116个国家通胀排名中，美国位列28名，国际通胀CPI的中位数5月已经高达7.9%，而去年6月才仅为3.05%。L宋鸿兵的微博视频收起d74153729热门c帮上头条投诉收藏复制微博地址星话大白今天13:48 来自微博视频号【#美国企业债市场逐步逼近危险地带#，#通胀忧虑引发美股大量抛售#】随着美国通胀持续失控，美联储激进加息缩表的压力也越来越大。这使得2020年好不容易才被美联储救下来的垃圾债，有可能随着美联储激进加息缩表，有再次暴雷的风险。美国2020年和2021年，连续两年发行的垃圾规模都超过4000亿美元，​展开c【#美国企业债市场逐步逼近危险地带#，#通胀忧虑引发美股大量抛售#】随着美国通胀持续失控，美联储激进加息缩表的压力也越来越大。这使得2020年好不容易才被美联储救下来的垃圾债，有可能随着美联储激进加息缩表，有再次暴雷的风险。美国2020年和2021年，连续两年发行的垃圾规模都超过4000亿美元，连创历史新高。然而，随着美联储今年开始激进加息缩表，首当其冲的自然是这些业绩亏损，只能靠借新还旧度日的僵尸企业。这使得今明两年，美国垃圾债暴雷的风险是很大的。#微博新知博主#@微博财经L星话大白的微博视频收起d35598更多a热门c帮上头条投诉收藏复制微博地址賺不完亏得完Ryu今天16:48晚上美股也有意思了，小a最近还是小心些…风险一般都是从币圈开始释放…直接一口气拉满砸下去得了，省的墨迹。今天就不多码字，主要看盘先，看看今天能砸多少下去。​57241002c帮上头条投诉收藏复制微博地址极客红石6秒前 来自荣耀V204800万3D相机#美股#大家不要为美国担心啦，美国可是在与新冠“共存”，“共存”了，经济可是要腾飞的，感染爱好者们都是这么说的​转发评论赞c帮上头条投诉收藏复制微博地址阿sir爱投资8秒前 来自iPhone客户端比特币一天跌20%！阿老师早就说了，比特币就是击鼓传花的传销游戏，国家早就禁了。这东西既没信用背书，也不是法定货币，央行严令禁止金融机构参与。我虽然以前买过一些，幸亏早就幡然醒悟全给卖了，不光没赚钱，还亏了点，你说气不气人。我劝你也别碰，别傻乎乎的给美国人接盘，那玩意儿都是他们​展开c比特币一天跌20%！阿老师早就说了，比特币就是击鼓传花的传销游戏，国家早就禁了。这东西既没信用背书，也不是法定货币，央行严令禁止金融机构参与。我虽然以前买过一些，幸亏早就幡然醒悟全给卖了，不光没赚钱，还亏了点，你说气不气人。我劝你也别碰，别傻乎乎的给美国人接盘，那玩意儿都是他们设计出来坑中国人的。​#a股##美股暴跌##比特币btc#收起d转发评论赞c帮上头条投诉收藏复制微博地址元气少爷aAron10秒前 来自iPhone客户端#美股#咱就是说今年能发生点让我开心的事情？干啥啥不行…排队去天台吧​转发评论赞c帮上头条投诉收藏复制微博地址林三俗微博18秒前美股大跌，让a股投资者担心明天会不会被带崩，这放在股灾以前，会。股灾之后，特别是经历三年疫情之后，经常性低开高走，低开反而是买入的机会，不是说大a有多强，只是形势已变，定价权慢慢一点一点回到a股自己手中，不再受人家随意摆布。​转发评论赞c帮上头条投诉收藏复制微博地址起床啦丶21秒前 来自HUAWEIP405G#美股#只能说还好上周跑了一些​转发评论赞更多a热门文章06.13收评：简单说说大盘、美股、医药软件板块和量化模型今日表...@傅大闲人今天17:32美股来帮忙@jimsimons今天16:27美股大跌，接下来市场怎么走？@飞鲸投研06月12日19:49c帮上头条投诉收藏复制微博地址孥孥的大树2分钟前转赞人数超过30 来自HUAWEIMate305G美股下跌创新低，明天A股能扛住挑战不？​转发1231c帮上头条投诉收藏复制微博地址BoBoyuer1分钟前 来自小米10听说只要美股上热搜大a必​转发评论赞c帮上头条投诉收藏复制微博地址Carl刺猬1分钟前 来自iPhone13Pro美股跌这么惨明天大A请撑住啊！这个月收益我还想继续保持住啊#美股暴跌#​转发评论赞c帮上头条投诉收藏复制微博地址尸蟞俠1分钟前 来自iPhone美股又血崩了？？？​转发评论赞c帮上头条投诉收藏复制微博地址木木小七_1分钟前 来自iPhone#美股#加油呀跌破100呀🤬​转发评论1c帮上头条投诉收藏复制微博地址沉鱼闭月5181分钟前 来自iPhone客户端老美现在最棘手的问题是通胀，美联储压力山大，只能加息+缩表一起来，美股够老呛。​转发评论赞c帮上头条投诉收藏复制微博地址Tenuoen2分钟前 来自iPhone客户端#美股#Btc22000托不住，看空18000更或者17500。大起大落才赚钱啊，天天横在那里算什么啊。​转发评论赞c帮上头条投诉收藏复制微博地址Deityy_2分钟前 来自荣耀20#美股#​转发评论1c帮上头条投诉收藏复制微博地址美国往事_美股3分钟前转赞人数超过10 来自iPhone客户端#美股##比特币行情分析#美股新低，比特币腰斩。今夜无眠​转发414c帮上头条投诉收藏复制微博地址醉卧沙场卿莫笑2分钟前 来自微博搜索基点是#美股#的杀手锏，还是“作”才是？#今日看盘#@宋鸿兵#v光计划##美股大跌##美国5月cpi#【美国5月CPI刷新40年最高纪录，通胀见顶希望再次破灭！】美国5月CPI的各项指标全线抬头，均超市场预期，继续刷新40年来的最高纪录，通胀见顶的希望再次破灭。消息传出，美国股市遭遇剧烈抛售，道指大跌880点，跌幅2.7%，标普500下跌2.9%，纳指重挫3.5%。《华尔街日​展开c#v光计划##美股大跌##美国5月cpi#【美国5月CPI刷新40年最高纪录，通胀见顶希望再次破灭！】美国5月CPI的各项指标全线抬头，均超市场预期，继续刷新40年来的最高纪录，通胀见顶的希望再次破灭。消息传出，美国股市遭遇剧烈抛售，道指大跌880点，跌幅2.7%，标普500下跌2.9%，纳指重挫3.5%。《华尔街日报》惊呼，现在美国的通胀压力几乎无处不在，CPI有可能在下个月逼近9%，并在今年秋季继续保持高位运行。其实，通胀爆发并非美国一国的现象，而是一个已经冲击上百个国家的世界性问题。在116个国家通胀排名中，美国位列28名，国际通胀CPI的中位数5月已经高达7.9%，而去年6月才仅为3.05%。L宋鸿兵的微博视频收起d74153729今天17:16 来自微博视频号转发评论赞c帮上头条投诉收藏复制微博地址EveryheartL2分钟前 来自小米11Ultra全球经济基本格局以及美股牛市转熊市的基本判断坚持不变O百年浩劫全球经济大危机​百年浩劫全球经济大危机浊水倾波三万里，愀然独坐孤峰。龙潜狮睡侯飙风。无情皆竖子，有泪亦英雄。长剑倚天星斗烂，古今过眼成空。乾坤俯仰任...转发评论赞c帮上头条投诉收藏复制微博地址OK注册服务2分钟前 来自iPhone客户端因为美国通货膨胀历史新高，金融市场都大幅度下跌，今晚美股的纳斯达克差点熔断，比特币直接跌破23000，以太坊eth跌破1200，这里等一个放量就可以大胆买入了，巴菲特午餐拍卖目前200多万美元，lunchdao还没有更新最新情况，lunch0.004左右，继续保持关注。​转发评论1c帮上头条投诉收藏复制微博地址小猪搞机2分钟前#美股#明天我大A高开高走！​111,i美股猫姐美股投资捕捉翻倍美股船老大美股日志,[],[],[]
,热门c帮上头条投诉收藏复制微博地址靖姝苏今天20:01 来自微博视频号#遇见彩虹吃定彩虹#遇见彩虹吃定彩虹，评论许愿心诚则灵见者好运~🌈​​​L校园师兄的微博视频​转发评论1064热门c帮上头条投诉收藏复制微博地址思想聚力今天20:56 来自微博视频号听说看见这条彩虹的人都会变得幸运！世俗淹没不了人间浪漫，雨过天晴之后，抬头皆是温柔。愿我们日子再忙，也不要错过彩虹和希望。希望看到彩虹的小伙伴们接下来的日子都能够实现自己的愿望！#夏日视界##遇见彩虹吃定彩虹#L思想聚力的微博视频​2411481022更多a热门c帮上头条投诉收藏复制微博地址咪咕头条资讯今天21:53 来自微博视频号#遇见彩虹吃定彩虹#普通彩虹看腻了？？那就来看这些超难得一见的彩虹，火彩虹、布罗肯彩虹光晕……赶紧分享给你的好朋友吧！(cr.余空看世界)#蓝v视界#L咪咕头条资讯的微博视频​101849c帮上头条投诉收藏复制微博地址觀叶學術協助中心8秒前 来自微博小程序#遇见彩虹吃定彩虹#乐​转发评论赞c帮上头条投诉收藏复制微博地址我永远屈服于温柔H14秒前 来自全屏双摄OPPOA5#遇见彩虹吃定彩虹#顺顺利利上岸啊！​转发评论赞c帮上头条投诉收藏复制微博地址和小玺环游世界17秒前 来自开心就好HarmonyOS设备#遇见彩虹吃定彩虹#对不起我一下子想到了彩虹糖，那个长颈鹿和那个男人​转发评论赞c帮上头条投诉收藏复制微博地址只要小熊饼干-40秒前 来自iPhone客户端#遇见彩虹吃定彩虹#🌈🌈接好运！​转发评论赞c帮上头条投诉收藏复制微博地址灵猫同学2分钟前转赞人数超过40 来自iPhone12ProMax#遇见彩虹吃定彩虹#纷繁复杂人世间你是五色彩虹糖治愈且甜蜜满是多巴胺令人快乐忘却忧伤L灵猫同学的微博视频​3249c帮上头条投诉收藏复制微博地址Ashley7781分钟前 来自iPhone客户端#遇见彩虹吃定彩虹#少挂点就行​转发评论赞c帮上头条投诉收藏复制微博地址舔颜一枚1分钟前 来自OPPOA11#遇见彩虹吃定彩虹#晚安，明天电机学和信号一定要搞定空空给我好运​转发评论赞c帮上头条投诉收藏复制微博地址给我买娃哈哈嘛2分钟前 来自iPhone客户端#遇见彩虹吃定彩虹#那就祝我今年能找到男朋友顺利脱单吧​转发评论赞c帮上头条投诉收藏复制微博地址DAYTOY的潇洒小姐3分钟前 来自肖战的小飞侠#遇见彩虹吃定彩虹#愿人间无难​转发评论赞c帮上头条投诉收藏复制微博地址重回大唐爱3分钟前 来自小米9#遇见彩虹吃定彩虹#双🌈今夏有好运！🙏​转发评论1c帮上头条投诉收藏复制微博地址河北经贸大学6分钟前转赞人数超过10 来自河北经贸大学超话#经贸夜话##遇见彩虹吃定彩虹#经贸ers遇见过彩虹吗？上一次遇见是什么时候呢​101210c帮上头条投诉收藏复制微博地址37姑凉5分钟前 来自OPPOA725G#遇见彩虹吃定彩虹#哈哈哈哈这不还小时候那个彩虹糖的广告语嘛哈哈哈哈哈​转发评论3c帮上头条投诉收藏复制微博地址加油丽颖6分钟前 来自OPPORenoZ#遇见彩虹吃定彩虹#今天见到彩虹了，特别漂亮，第一反应就是这句话​转发评论赞c帮上头条投诉收藏复制微博地址东阿茶8分钟前 来自iQOO7全感操控#遇见彩虹吃定彩虹#诶嘿嘿，今天的​转发评论1c帮上头条投诉收藏复制微博地址文艺青年江小红9分钟前#遇见彩虹吃定彩虹#见红则红，红​转发评论赞c帮上头条投诉收藏复制微博地址关西煮关西煮9分钟前 来自HarmonyOS设备#遇见彩虹吃定彩虹#期末考试不挂科，英语六级顺利过​转发评论3c帮上头条投诉收藏复制微博地址82朵葵花猪9分钟前 来自嘻嘻蔡徐坤的IKUN#遇见彩虹吃定彩虹#今天pyq好多人在晒双彩虹🌈好好康诶​转发评论赞c帮上头条投诉收藏复制微博地址沉默小勾10分钟前 来自iPhone客户端#遇见彩虹吃定彩虹#今天的天气变化​转发评论赞,,[],[],[]
#长沙的夜市真的好好吃#,,大脑切片,10243000.0,今日讨论3323,https://m.s.weibo.com/vtopic/detail?click_from=searchpc&q=%23%E9%95%BF%E6%B2%99%E7%9A%84%E5%A4%9C%E5%B8%82%E7%9C%9F%E7%9A%84%E5%A5%BD%E5%A5%BD%E5%90%83%23
,热门c帮上头条投诉收藏复制微博地址--柠染52分钟前 来自微博视频号#董宇辉才华#董宇辉火了好像董宇辉这样有才气的老师为代表的新东方的老师没有了用武之地，有的家长甚至说，如果学校能有这样的老师，就是孩子病了也会逼着孩子去上学。让我不明白的是这样的老师为什么不去学校应聘呢？还是他们嫌工资低不愿意去呢？L--柠染的微博视频​7148988热门c帮上头条投诉收藏复制微博地址第一财经日报今天17:39 来自微博视频号【供应商爆料：#新东方带货不要坑位费和大量样品#】#业内预计东方甄选一周后粉丝数有望破千万#方式的改变源于6月8日，俞敏洪在个人微信公众号发文称，带领大家组建了“新东方直播间”队伍，专门来推广新东方优质的教育产品以及其他优质教育相关的产品，包括图书、智能软硬件学习设备、和学习相关的文​展开c【供应商爆料：#新东方带货不要坑位费和大量样品#】#业内预计东方甄选一周后粉丝数有望破千万#方式的改变源于6月8日，俞敏洪在个人微信公众号发文称，带领大家组建了“新东方直播间”队伍，专门来推广新东方优质的教育产品以及其他优质教育相关的产品，包括图书、智能软硬件学习设备、和学习相关的文教用品等。从消费者角度来看，此次东方甄选模式创新更多是新奇与敬佩的态度，但从供应商角度来看，则更多是惊喜。6月10日夜间的这场直播场均观看人次达到13.5万人，直播总销售额达到30.1万。东方甄选直播间的观看人次与销售额要比这高出许多，据第三方直播数据统计平台灰豚数据显示，东方甄选直播间10日晚间直播，峰值人数达到10.8万，直播商品数共125件，直播销量19.8万件，直播销售总额达到1534.3万元，相较首播成绩翻了近三倍。#董宇辉才华#”O供应商爆料：新东方带货不要坑位费，不要大量样品L究竟视频的微博视频收起d4334432更多a热门c帮上头条投诉收藏复制微博地址圈内53分钟前 来自微博视频号#董宇辉才华#兵马俑老师董宇辉闲谈苏轼，信手拈来，满腹经纶，有趣又有深度的灵魂宝藏主播！听他说话仿佛进行了一场文化洗礼，读过的书永远不会白读，气质和文化，可以让你忽略颜值！L圈内的微博视频​343322657c帮上头条投诉收藏复制微博地址此账户余额不足已被注销12秒前 来自iPhone客户端#董宇辉才华#小时候词不达意，长大后言不由衷，教育身教大于言传，sorrow是遗憾，小龙虾是crawfish​转发评论赞c帮上头条投诉收藏复制微博地址桃夭jr31秒前 来自永远在心里Android#董宇辉才华#那么就来听听老师们美妙的歌声吧！董老师今晚又陪伴了大家两个多小时听他讲故事真的会上瘾。每个老师都很优秀，真的很难不爱呀！L桃夭jr的微博视频​转发评论赞c帮上头条投诉收藏复制微博地址滑滑板的小辛巴40秒前 来自OPPOReno65G#董宇辉才华#他真的很有才华！​转发评论赞c帮上头条投诉收藏复制微博地址如果南山南42秒前 来自iPhone客户端#董宇辉才华#终于等来了这一天，我想大喊一声：他值得！是他，让我知道原来抖音卖货直播也可以变得这么的美好与和谐！他就像一位灵魂治愈者一样治愈着我的内心，像一位人生导师一样，指引你成长的方向，是他让我明白人不光要为了六便士而活，别忘了去看一眼月亮，尽管奢侈但很浪漫，是他告诉我​展开c#董宇辉才华#终于等来了这一天，我想大喊一声：他值得！是他，让我知道原来抖音卖货直播也可以变得这么的美好与和谐！他就像一位灵魂治愈者一样治愈着我的内心，像一位人生导师一样，指引你成长的方向，是他让我明白人不光要为了六便士而活，别忘了去看一眼月亮，尽管奢侈但很浪漫，是他告诉我做人要坦诚，善良，利他，感恩，乐观等等，而这些美好品质也在他身上感受到了！话说，我已经好久没有为了某件事而怀有如此期待的心情了，是他的才情，他的纯粹，他诗人般的气质，告诉我做自己其实才最重要！还有是金子到哪都会发光，另外直播间的另外几名老师也很优秀，值得大家去了解去欣赏！收起d转发评论赞c帮上头条投诉收藏复制微博地址落单De小候鸟43秒前 来自荣耀305G#董宇辉才华#说话的声音和语速很舒服，没有普通直播间那种要么打鸡血要么有气无力敷衍的感觉，适合当广播听​转发评论赞c帮上头条投诉收藏复制微博地址午后猫咪yaya久醉1分钟前 来自OPPOA11#董宇辉才华#熬夜在直播间听课​转发评论赞c帮上头条投诉收藏复制微博地址yuloverui20131分钟前 来自荣耀50SE5G#董宇辉才华#待了一晚上的直播间，每本书都有属于他特有的故事，有时让你哈哈大笑，有时又让你泪流满面。​转发评论赞c帮上头条投诉收藏复制微博地址河存故1分钟前 来自河存故Android#董宇辉才华#这是对腹有诗书气自华最好的诠释吧，颜值在才华方面不值一提。​转发评论赞c帮上头条投诉收藏复制微博地址空吟序1分钟前 来自王俊凯恭喜发财#董宇辉才华#哇​转发评论赞c帮上头条投诉收藏复制微博地址人间仙气er1分钟前 来自HUAWEIP405G#董宇辉才华#经典才华​转发评论赞c帮上头条投诉收藏复制微博地址elva-樂2分钟前 来自Android#董宇辉才华#听了三分钟，下单一本书​转发评论赞c帮上头条投诉收藏复制微博地址摸着石头过河_ing2分钟前 来自Android#董宇辉才华#跟完阿鑫的操，想起来这几天很火的东方甄选直播间，好家伙，进来就没出去，直到董宇辉下播，就很吸引人啊，我也贪恋人间的烟火气，欣赏他的出口成章！​转发评论赞c帮上头条投诉收藏复制微博地址Miss_Antares2分钟前 来自iPhone客户端#董宇辉才华#真的是个有趣的灵魂​转发评论1c帮上头条投诉收藏复制微博地址夏日限定版小沙粒2分钟前#董宇辉才华#“几天之后，会有两万个成年人收到属于自己的童话…”✨​转发1赞c帮上头条投诉收藏复制微博地址小红花xhh62分钟前 来自K30S至尊纪念版#董宇辉才华#淘宝头部主播接连出事，这波真的抖音赢麻了，刘畊宏一波，方老师又一波，我为了这俩下入手了曾经dis不停的抖音​转发评论1c帮上头条投诉收藏复制微博地址板凳排排坐2分钟前 来自iPhone客户端#董宇辉才华#娓娓道来，特别舒服，每一个描述都非常有画面感，可能就是他所描述的人间烟火气，感觉整个人就能放松下来，慢慢地慢慢地一步一步走进你的内心，为他驻足停留​转发评论赞c帮上头条投诉收藏复制微博地址人间何处不香菇2分钟前 来自华为畅享10Plus#董宇辉才华#真的很好啊，还有顿顿老师，嘿​转发1赞c帮上头条投诉收藏复制微博地址圆来悦远3分钟前 来自iPhone12Pro#董宇辉才华#有才华的人在哪里都能熠熠生辉。教培没落了但是换个地方依旧是天花板级别。今天印象最深的一句话“小时候词不达意成年后言不由衷”​转发评论1c帮上头条投诉收藏复制微博地址无聊的摸鱼中3分钟前 来自iPhone客户端#董宇辉才华#有被治愈，像有人在身边跟你侃侃而谈，聊理想，聊历史，聊哲学。很舒服的直播间！​转发评论2c帮上头条投诉收藏复制微博地址嘤嘤嘤矫情过万的不知所措3分钟前 来自iPhone客户端#董宇辉才华#深夜电台​转发评论1,,[],[],[]
#杭州消防烈士牺牲前的微信界面#,导语：“你是我的英雄，但我更希望你回来”“兄弟，看到了回我”……在扑救杭州临平大火中英勇牺牲的毛景荣、刘泽军烈士，微信界面永远停留在亲人挚友无人回应的关切。一句句心忧的嘱托，承载着一段段心碎的别离。他们牺牲了小家守护了大家的团圆，致敬英雄！,共青团中央,82045000.0,今日讨论4388,https://m.s.weibo.com/vtopic/detail?click_from=searchpc&q=%23%E6%9D%AD%E5%B7%9E%E6%B6%88%E9%98%B2%E7%83%88%E5%A3%AB%E7%89%BA%E7%89%B2%E5%89%8D%E7%9A%84%E5%BE%AE%E4%BF%A1%E7%95%8C%E9%9D%A2%23
#唐山徐敏回应称被人设局#,导语：6月12日，多人实名举报唐山女子徐某诈骗，引发关注。徐某回应称自己也是被人设局：自己也是受害者。,中国网直播,290000000.0,14000.0,https://m.s.weibo.com/vtopic/detail?click_from=searchpc&q=%23%E5%94%90%E5%B1%B1%E5%BE%90%E6%95%8F%E5%9B%9E%E5%BA%94%E7%A7%B0%E8%A2%AB%E4%BA%BA%E8%AE%BE%E5%B1%80%23
#杭州两名牺牲消防员被批准为烈士#,导语：应急管理部、浙江省政府分别批准在灭火战斗中牺牲的杭州市消防救援支队特勤大队一站消防员毛景荣同志、钱江消防救援站政府专职消防员刘泽军同志为烈士，应急管理部消防救援局为两名烈士追记个人一等功。,中国消防,48481000.0,今日讨论2822,https://m.s.weibo.com/vtopic/detail?click_from=searchpc&q=%23%E6%9D%AD%E5%B7%9E%E4%B8%A4%E5%90%8D%E7%89%BA%E7%89%B2%E6%B6%88%E9%98%B2%E5%91%98%E8%A2%AB%E6%89%B9%E5%87%86%E4%B8%BA%E7%83%88%E5%A3%AB%23
#再见八里河#,导语：《警察荣誉》今晚大结局真的好舍不得！再见八里河～期待八里河的故事再继续！​​​,追新剧,6924000.0,今日讨论3679,https://m.s.weibo.com/vtopic/detail?click_from=searchpc&q=%23%E5%86%8D%E8%A7%81%E5%85%AB%E9%87%8C%E6%B2%B3%23
#哈尔滨回应网约车司机遭遇钓鱼执法#,导语：立即成立专项调查组，依法依规开展调查，对区交通局借用人员杨云博（网约车乘客）予以清退，相关人员受到严肃处理。,中国新闻网,85034000.0,今日讨论3813,https://m.s.weibo.com/vtopic/detail?click_from=searchpc&q=%23%E5%93%88%E5%B0%94%E6%BB%A8%E5%9B%9E%E5%BA%94%E7%BD%91%E7%BA%A6%E8%BD%A6%E5%8F%B8%E6%9C%BA%E9%81%AD%E9%81%87%E9%92%93%E9%B1%BC%E6%89%A7%E6%B3%95%23
#曹建军你为什么不听话#,导语：王守一看见牺牲的曹建军，大喊：“你为什么不听话”，一句句怒吼，痛彻心扉。,电视剧警察荣誉,57747000.0,22000.0,https://m.s.weibo.com/vtopic/detail?click_from=searchpc&q=%23%E6%9B%B9%E5%BB%BA%E5%86%9B%E4%BD%A0%E4%B8%BA%E4%BB%80%E4%B9%88%E4%B8%8D%E5%90%AC%E8%AF%9D%23
#说英雄谁是英雄#,,说英雄谁是英雄官博,68552000.0,0,https://m.s.weibo.com/vtopic/detail?click_from=searchpc&q=%23%E8%AF%B4%E8%8B%B1%E9%9B%84%E8%B0%81%E6%98%AF%E8%8B%B1%E9%9B%84%23
#TheShy的冰鸟#,导语：2022LPL夏季赛WBGvsEDG第二局，TheShy选出上单冰鸟！,英雄联盟辰熙,36147000.0,今日讨论1125,https://m.s.weibo.com/vtopic/detail?click_from=searchpc&q=%23TheShy%E7%9A%84%E5%86%B0%E9%B8%9F%23
#唐山路北区加强刑满释放人员服务管理#,导语：会议强调，要持续加强对刑满释放人员、社区矫正对象、吸毒人员、严重精神障碍患者等特殊人群的服务管理工作，健全分级分类管理，严防发生恶性事件和个人暴力犯罪案件。,中国新闻周刊,0,今日讨论8589,https://m.s.weibo.com/vtopic/detail?click_from=searchpc&q=%23%E5%94%90%E5%B1%B1%E8%B7%AF%E5%8C%97%E5%8C%BA%E5%8A%A0%E5%BC%BA%E5%88%91%E6%BB%A1%E9%87%8A%E6%94%BE%E4%BA%BA%E5%91%98%E6%9C%8D%E5%8A%A1%E7%AE%A1%E7%90%86%23
#境外机构谎招志愿者搜集我国数据#,导语：李先生是一名航空摄影爱好者，一次他注意到了一条某境外公司招募志愿者的信息。不仅能免费拥有一台可以接收航班飞行数据的设备，还能看到世界各个国家飞机的信息和航向。,央视网快看,19335000.0,今日讨论750,https://m.s.weibo.com/vtopic/detail?click_from=searchpc&q=%23%E5%A2%83%E5%A4%96%E6%9C%BA%E6%9E%84%E8%B0%8E%E6%8B%9B%E5%BF%97%E6%84%BF%E8%80%85%E6%90%9C%E9%9B%86%E6%88%91%E5%9B%BD%E6%95%B0%E6%8D%AE%23
#北京涉酒吧疫情已有183人感染#,导语：6月9日0时至12日24时，涉天堂超市酒吧聚集性疫情累计报告183例感染者，涉及14个区和经开区。,北京日报,72989000.0,今日讨论733,https://m.s.weibo.com/vtopic/detail?click_from=searchpc&q=%23%E5%8C%97%E4%BA%AC%E6%B6%89%E9%85%92%E5%90%A7%E7%96%AB%E6%83%85%E5%B7%B2%E6%9C%89183%E4%BA%BA%E6%84%9F%E6%9F%93%23
#高考查分时间#,导语：部分地区公布了高考查分、志愿填报时间。一起了解↓↓,央视新闻,65768000.0,今日讨论2739,https://m.s.weibo.com/vtopic/detail?click_from=searchpc&q=%23%E9%AB%98%E8%80%83%E6%9F%A5%E5%88%86%E6%97%B6%E9%97%B4%23
#最意难平的一场演唱会#,导语：曾经以为来日方长，现在却遗憾当时没有到场……限定团的告别演唱会，喜欢的组合久不能合体，线下演出因现实原因无法举行……这些年，你是否也有过意难平的时候？,咪咕娱乐在线,130000000.0,29000.0,https://m.s.weibo.com/vtopic/detail?click_from=searchpc&q=%23%E6%9C%80%E6%84%8F%E9%9A%BE%E5%B9%B3%E7%9A%84%E4%B8%80%E5%9C%BA%E6%BC%94%E5%94%B1%E4%BC%9A%23
#云南文山失联男童已不幸死亡#,导语：6月12日中午，搜寻人员在文山市古木镇布都村附近山林中发现一具男童尸体，经家属辨认，系失踪男童常某善。经公安机关开展调查走访、现场勘验、尸体解剖、检验鉴定工作，尸体无缺失、无机械性损伤。,百姓关注,190000000.0,今日讨论3730,https://m.s.weibo.com/vtopic/detail?click_from=searchpc&q=%23%E4%BA%91%E5%8D%97%E6%96%87%E5%B1%B1%E5%A4%B1%E8%81%94%E7%94%B7%E7%AB%A5%E5%B7%B2%E4%B8%8D%E5%B9%B8%E6%AD%BB%E4%BA%A1%23
,王者荣耀王者荣耀官方微博粉丝：1584.9万关注热门c帮上头条投诉收藏复制微博地址西安WE王者荣耀06月12日19:13 来自we王者荣耀超话#西安WE##WE敢梦敢刚#【长安少年行·拾柒|2022KPL夏季赛VLOG】失败会带来痛苦，但也会带来成长从中吸取教训，才会迎来蜕变we王者荣耀L西安WE王者荣耀的微博视频​1155185热门c帮上头条投诉收藏复制微博地址阿泰AT今天14:22 来自王者荣耀阿泰超话王者荣耀阿泰天好阴啊那微博也发一下好了#电竞燃一夏#​1113831516更多a热门c帮上头条投诉收藏复制微博地址王者荣耀排行榜今天10:13 来自王者荣耀超话王者荣耀一个不嫌弃你菜的人，一个预约你后观战一整局的人，一个拉你视角反复回头接你的人，一个等你上线和你一起下线的人，你们遇到了吗？​469207c帮上头条投诉收藏复制微博地址纯洁小团子15秒前 来自王者荣耀超话王者荣耀打游戏来，活跃来小群dd​转发评论赞c帮上头条投诉收藏复制微博地址墨茹想吃魈叶21秒前 来自王者荣耀超话王者荣耀第一次体验到被辅助追着喂饭的感觉，太快乐了​转发评论赞c帮上头条投诉收藏复制微博地址平平无奇的队推23秒前 来自王者荣耀超话王者荣耀差一把上星耀，打到王者一共多少钱找个白菜代打，最好主玩打野上单​转发2赞c帮上头条投诉收藏复制微博地址小su橘同学30秒前 来自王者荣耀超话王者荣耀随缘蹲一个cp，来一个姐姐就行不想在一个人不想寡了​转发评论赞c帮上头条投诉收藏复制微博地址言酱星冰乐33秒前 来自王者荣耀交易超话王者荣耀交易接元歌小国金标小魔方百星上分，编号gf0020​转发评论赞更多a热门文章王者荣耀：张飞再次崛起，排位胜率飙升，宫本武藏重做太刮痧@玉面xiao白狐06月12日20:03Supercell入局NFT游戏；真正的王者荣耀国际版要来了丨产...@竞核06月12日19:19为什么说王者荣耀总是坑萌新玩家？@熊猫哥玩电竞06月10日23:56c帮上头条投诉收藏复制微博地址手游的乐趣42秒前 来自王者荣耀超话#王者荣耀#曲硬“人更硬”L手游的乐趣的微博视频​转发评论赞c帮上头条投诉收藏复制微博地址行走的萌宠官43秒前 来自微博视频号#王者荣耀##超能新星汇#慢慢来，谁还没有一个努力的过程L行走的萌宠官的微博视频​转发评论赞c帮上头条投诉收藏复制微博地址胤兰阿46秒前 来自王者荣耀超话王者荣耀我能浅浅的滴一下CP嘛​转发评论赞c帮上头条投诉收藏复制微博地址你管我叫啥呢_-47秒前 来自iPhone客户端#王者荣耀#你怎么知道我今天把把赢2重庆​转发评论赞c帮上头条投诉收藏复制微博地址Souniti48秒前 来自王者荣耀超话王者荣耀CPDD我长得丑​转发评论赞c帮上头条投诉收藏复制微博地址游戏姬_Cicada53秒前 来自王者荣耀超话局内香香的粉色，怎么土了吧唧的#王者荣耀#​转发1赞c帮上头条投诉收藏复制微博地址我还没吃饭嘞54秒前 来自OPPOReno5Pro+5G#王者荣耀#派个高考完的会叫姐姐的男高带带我​转发评论赞c帮上头条投诉收藏复制微博地址nwJia-55秒前 来自王者荣耀超话王者荣耀有无正经聊天的小哥哥！连麦睡觉了就​转发1赞c帮上头条投诉收藏复制微博地址晚风拂月亮1分钟前 来自王者荣耀超话王者荣耀浅滴一下喽，有河南的吗？Q区组cp，最好是能聊天的呀，不想单纯只挂关系，我已经工作了，身高一般，声音还可以。​转发评论赞c帮上头条投诉收藏复制微博地址Zoeolll1分钟前 来自HarmonyOS设备王者荣耀的垃圾举报机制什么时候能改​转发评论赞c帮上头条投诉收藏复制微博地址binky__r1分钟前 来自nova7你在焦点在和王者荣耀相爱相杀的第好多天：​转发评论赞c帮上头条投诉收藏复制微博地址少说话hhh1分钟前 来自王者荣耀超话王者荣耀我的评分：为什么这么多钓🐟的​转发评论赞c帮上头条投诉收藏复制微博地址安与七y1分钟前 来自iPhone客户端#王者荣耀超话#我踏马玩个模拟战给我二星宫本整没了？？？要不你们给bug出个皮肤吧​转发评论赞c帮上头条投诉收藏复制微博地址勇往直前的hhh1分钟前 来自iPhone客户端王者荣耀停服前把钱给我退了😅​转发评论赞,,[],[],[]
#LOL手游全球冠军杯主题曲#,导语：2022英雄联盟手游全球冠军杯主题曲《NeverStopMe》（天赋觉醒）,英雄联盟手游赛事,3911000.0,今日讨论3552,https://m.s.weibo.com/vtopic/detail?click_from=searchpc&q=%23LOL%E6%89%8B%E6%B8%B8%E5%85%A8%E7%90%83%E5%86%A0%E5%86%9B%E6%9D%AF%E4%B8%BB%E9%A2%98%E6%9B%B2%23
#这是中国军人眼中的大美中国#,导语：在他们眼中，这万里山河、壮丽景色，值得用生命去守护！,央视新闻,24912000.0,今日讨论832,https://m.s.weibo.com/vtopic/detail?click_from=searchpc&q=%23%E8%BF%99%E6%98%AF%E4%B8%AD%E5%9B%BD%E5%86%9B%E4%BA%BA%E7%9C%BC%E4%B8%AD%E7%9A%84%E5%A4%A7%E7%BE%8E%E4%B8%AD%E5%9B%BD%23
#用水在茶上作画的非遗技艺#,导语：福建省非物质文化遗产“茶百戏”，又称“分茶”“水丹青”，是用清水使茶汤幻变图案的技艺。,央视新闻,82427000.0,16000.0,https://m.s.weibo.com/vtopic/detail?click_from=searchpc&q=%23%E7%94%A8%E6%B0%B4%E5%9C%A8%E8%8C%B6%E4%B8%8A%E4%BD%9C%E7%94%BB%E7%9A%84%E9%9D%9E%E9%81%97%E6%8A%80%E8%89%BA%23
#下个30克冰雹等于从3楼丢下个花盆#,导语：专家介绍，一个鸡蛋大小的冰雹（约30克），从1000米高空落到地面时，相当于3公斤物体从10米左右高度下落，差不多等于从3层楼高的地方丢个带土的花盆，砸向人或车。,央视网,18223000.0,今日讨论359,https://m.s.weibo.com/vtopic/detail?click_from=searchpc&q=%23%E4%B8%8B%E4%B8%AA30%E5%85%8B%E5%86%B0%E9%9B%B9%E7%AD%89%E4%BA%8E%E4%BB%8E3%E6%A5%BC%E4%B8%A2%E4%B8%8B%E4%B8%AA%E8%8A%B1%E7%9B%86%23
#家长让娃每天600个摸高跳致患骨骺炎#,导语：近日，浙江杭州。12岁男孩林林（化名）身高148cm左右，爸妈担心林林长不高，便网购了“摸高神器”规定林林每天必须摸高跳600个，还特意装在林林能跳到的极限高度上。,白鹿视频,130000000.0,今日讨论2295,https://m.s.weibo.com/vtopic/detail?click_from=searchpc&q=%23%E5%AE%B6%E9%95%BF%E8%AE%A9%E5%A8%83%E6%AF%8F%E5%A4%A9600%E4%B8%AA%E6%91%B8%E9%AB%98%E8%B7%B3%E8%87%B4%E6%82%A3%E9%AA%A8%E9%AA%BA%E7%82%8E%23
#8岁女童连吃大量荔枝后急性中毒#,导语：河北衡水一家医院接诊了一名吃荔枝后低血糖的8岁女童，被诊断为荔枝急性中毒。医生表示荔枝中的两种物质会抑制糖的代谢转化，会造成急性的荔枝中毒，轻度的会出现面色苍白、乏力，重度的可能会意识丧失甚至死亡。医生提醒大家每日进食荔枝数量不要超过15颗，儿童则吃5颗以内最安全。,山海视频,229999999.99999997,11000.0,https://m.s.weibo.com/vtopic/detail?click_from=searchpc&q=%238%E5%B2%81%E5%A5%B3%E7%AB%A5%E8%BF%9E%E5%90%83%E5%A4%A7%E9%87%8F%E8%8D%94%E6%9E%9D%E5%90%8E%E6%80%A5%E6%80%A7%E4%B8%AD%E6%AF%92%23
#高校礼堂为蚊帐举办毕业典礼#,导语：近日，浙江杭州。有学生误入毕业典礼彩排现场，发现全场座位上空无一人，竟是为蚊帐们举办的毕业典礼，上千顶蚊帐均佩戴着学士帽，连主席台嘉宾也都是一顶顶蚊帐。,白鹿视频,24317000.0,16000.0,https://m.s.weibo.com/vtopic/detail?click_from=searchpc&q=%23%E9%AB%98%E6%A0%A1%E7%A4%BC%E5%A0%82%E4%B8%BA%E8%9A%8A%E5%B8%90%E4%B8%BE%E5%8A%9E%E6%AF%95%E4%B8%9A%E5%85%B8%E7%A4%BC%23
#张信哲一开口就有画面了#,导语：有些人的嗓音承载着时代的记忆，无论什么时候都歌喉动听的情歌王子张信哲！,草莓牛奶味的Haru,43613000.0,27000.0,https://m.s.weibo.com/vtopic/detail?click_from=searchpc&q=%23%E5%BC%A0%E4%BF%A1%E5%93%B2%E4%B8%80%E5%BC%80%E5%8F%A3%E5%B0%B1%E6%9C%89%E7%94%BB%E9%9D%A2%E4%BA%86%23
